{
  "name": "WebViewer",
  "version": "1.0.0",
  "doc": "README.md",
  "info": {
    "author": "Introspective Systems, LLC."
  },
  "input": {
    "required":[
      {
        "Cmd": "Setup"
      }
    ],
    "optional":[
      {
        "Cmd": "*",
        "required":{
          "Forward": "string"
        }
      }
    ]
  },
  "output":{
    "required":[],
    "optional":[]
  },
  "par": {
    "required":{"ApexList": "array",
      "Url": "string"},
    "optional": {
      "Port": "number"
    }
  }
}